time_s,wall_time,motor_mm,motor_steps,flow_inj_ml_min,flow_main_ml_min,pump_rpm,mcu_state
0.037917799999831914,1779895297.7842898,0.0,0,1798.0,0.0,0.0,2
0.13236689999985174,1779895297.8787389,0.0,0,1638.0,0.0,0.0,2
0.22779289999971297,1779895297.974165,0.0,0,1882.0,0.0,0.0,2
0.32325089999994816,1779895298.0696228,0.0,0,2203.0,0.0,0.0,2
0.4341872999998486,1779895298.1805599,0.0,0,2058.0,0.0,0.0,2
0.5293781999998828,1779895298.2757506,0.0,0,1728.0,0.0,0.0,2
0.624708599999849,1779895298.3710804,0.0,0,1729.0,0.0,0.0,2
0.7193686000000525,1779895298.465741,0.0,0,2075.0,0.0,0.0,2
0.8307847000000947,1779895298.5771565,0.0,0,2183.0,0.0,0.0,2
0.9257396999996672,1779895298.6721115,0.0,0,1890.0,0.0,0.0,2
1.0208007999999609,1779895298.7671735,0.0,0,1687.0,0.0,0.0,2
1.1168047000001025,1779895298.8631768,0.0,0,1855.0,0.0,0.0,2
1.2284905999999864,1779895298.9748628,0.0,0,2193.0,0.0,0.0,2
1.3236673999999766,1779895299.0700393,0.0,0,2092.0,0.0,0.0,2
1.4194382000000587,1779895299.16581,0.0,0,1756.0,0.0,0.0,2
1.5146787999997287,1779895299.261051,0.0,0,1708.0,0.0,0.0,2
1.6260533999998188,1779895299.3724256,0.0,0,2000.0,0.0,0.0,2
1.7205208999998831,1779895299.4668927,0.0,0,2212.0,0.0,0.0,2
1.816001299999698,1779895299.5623732,0.0,0,1974.0,0.0,0.0,2
1.911337199999707,1779895299.657709,0.0,0,1701.0,0.0,0.0,2
2.0235720999999103,1779895299.769944,0.0,0,1798.0,0.0,0.0,2
2.1184619000000566,1779895299.8648338,0.0,0,2174.0,0.0,0.0,2
2.213645699999688,1779895299.9600174,0.0,0,2146.0,0.0,0.0,2
2.3092314000000442,1779895300.055603,0.0,0,1844.0,0.0,0.0,2
2.420454999999947,1779895300.1668267,0.0,0,1735.0,0.0,0.0,2
2.515892999999778,1779895300.2622647,0.0,0,1982.0,0.0,0.0,2
2.611434999999801,1779895300.3578074,0.0,0,2203.0,0.0,0.0,2
2.7059009999998125,1779895300.4522767,0.0,0,1999.0,0.0,0.0,2
2.8178258999996615,1779895300.5641985,0.0,0,1749.0,0.0,0.0,2
2.9137323999998443,1779895300.6601045,0.0,0,1828.0,0.0,0.0,2
3.0089915999997174,1779895300.7553632,0.0,0,2146.0,0.0,0.0,2
3.105275299999903,1779895300.8516474,0.0,0,2146.0,0.0,0.0,2
3.2162168999998357,1779895300.9625888,0.0,0,1840.0,0.0,0.0,2
3.312168799999654,1779895301.058541,0.0,0,1749.0,0.0,0.0,2
3.4074526999997943,1779895301.1538246,0.0,0,1983.0,0.0,0.0,2
3.502671499999906,1779895301.2490435,0.0,0,2212.0,0.0,0.0,2
3.6147697999999764,1779895301.3611414,0.0,0,1983.0,0.0,0.0,2
3.710349199999655,1779895301.456721,0.0,0,1756.0,0.0,0.0,2
3.8044780000000173,1779895301.5508497,0.0,0,1848.0,0.0,0.0,2
3.899361499999941,1779895301.645733,0.0,0,1991.0,0.0,0.0,2
4.011380800000097,1779895301.7577527,0.0,0,1636.0,0.0,0.0,2
4.1067401000000245,1779895301.8531117,0.0,0,1056.0,0.0,0.0,2
4.202796399999897,1779895301.9491684,0.0,0,677.0,0.0,0.0,2
4.298062800000025,1779895302.0444348,0.0,0,478.0,0.0,0.0,2
4.409207599999718,1779895302.1555793,0.0,0,349.0,0.0,0.0,2
4.5042874000000666,1779895302.2506595,0.0,0,272.0,0.0,0.0,2
4.600136699999894,1779895302.3465083,0.0,0,212.0,0.0,0.0,2
4.696394000000055,1779895302.4427657,0.0,0,159.0,0.0,0.0,2
4.792199499999697,1779895302.5385716,0.0,0,113.0,0.0,0.0,2
4.902121899999656,1779895302.6484933,0.0,0,101.0,0.0,0.0,2
4.997343000000001,1779895302.7437146,0.0,0,94.0,0.0,0.0,2
5.09399779999967,1779895302.84037,0.0,0,621.0,0.0,0.0,2
5.1897524000000885,1779895302.9361243,0.0,0,800.0,0.0,0.0,2
5.301187799999752,1779895303.0475593,0.0,0,758.0,0.0,0.0,2
5.397359099999903,1779895303.1437309,0.0,0,548.0,0.0,0.0,2
5.492753499999708,1779895303.2391253,0.0,0,403.0,0.0,0.0,2
5.587664899999709,1779895303.334036,0.0,0,314.0,0.0,0.0,2
5.700493199999983,1779895303.4468842,0.0,0,251.0,0.0,0.0,2
5.795308100000057,1779895303.5416796,0.0,0,194.0,0.0,0.0,2
5.8902069000000665,1779895303.6365786,0.0,0,153.0,0.0,0.0,2
5.986658399999669,1779895303.7330298,0.0,0,109.0,0.0,0.0,2
6.097586899999897,1779895303.8439589,0.0,0,97.0,0.0,0.0,2
6.193052499999794,1779895303.939424,0.0,0,46.0,0.0,0.0,2
6.289070199999969,1779895304.0354419,0.0,0,557.0,0.0,0.0,2
6.38483959999985,1779895304.1312115,0.0,0,697.0,0.0,0.0,2
6.479873199999929,1779895304.2262447,0.0,0,753.0,0.0,0.0,2
6.592237599999862,1779895304.3386095,0.0,0,624.0,0.0,0.0,2
6.68811659999983,1779895304.4344883,0.0,0,438.0,0.0,0.0,2
6.784268500000053,1779895304.5306408,0.0,0,350.0,0.0,0.0,2
6.895330800000011,1779895304.6417031,0.0,0,261.0,0.0,0.0,2
6.9895747999999,1779895304.7359462,0.0,0,213.0,0.0,0.0,2
7.085641399999986,1779895304.8320136,0.0,0,153.0,0.0,0.0,2
7.180681199999981,1779895304.9270535,0.0,0,145.0,0.0,0.0,2
7.2905901999997695,1779895305.036962,0.0,0,90.0,0.0,0.0,2
7.385584000000108,1779895305.1319559,0.0,0,0.0,0.0,0.0,2
7.480766899999708,1779895305.227139,0.0,0,0.0,0.0,0.0,2
7.576487199999974,1779895305.322859,0.0,0,437.0,0.0,0.0,2
7.687602999999854,1779895305.4339747,0.0,0,519.0,0.0,0.0,2
7.783298899999863,1779895305.5296705,0.0,0,572.0,0.0,0.0,2
7.879121599999962,1779895305.6254935,0.0,0,464.0,0.0,0.0,2
7.975077300000066,1779895305.7214491,0.0,0,345.0,0.0,0.0,2
8.08596099999977,1779895305.8323328,0.0,0,277.0,0.0,0.0,2
8.181770099999994,1779895305.928142,0.0,0,219.0,0.0,0.0,2
8.276942399999825,1779895306.0233142,0.0,0,167.0,0.0,0.0,2
8.372229799999786,1779895306.1186013,0.0,0,129.0,0.0,0.0,2
8.482930099999976,1779895306.229302,0.0,0,105.0,0.0,0.0,2
8.578675799999928,1779895306.325048,0.0,0,64.0,0.0,0.0,2
8.67357439999978,1779895306.419946,0.0,0,0.0,0.0,0.0,2
8.769914699999845,1779895306.5162861,0.0,0,0.0,0.0,0.0,2
8.881259299999783,1779895306.6276307,0.0,0,0.0,0.0,0.0,2
8.977997199999663,1779895306.724369,0.0,0,0.0,0.0,0.0,2
9.073224700000083,1779895306.8195965,0.0,0,392.0,0.0,0.0,2
9.169121699999778,1779895306.9154947,0.0,0,414.0,0.0,0.0,2
9.279287399999703,1779895307.025659,0.0,0,411.0,0.0,0.0,2
9.374979100000019,1779895307.1213515,0.0,0,342.0,0.0,0.0,2
9.46971910000002,1779895307.216091,0.0,0,277.0,0.0,0.0,2
9.564794999999776,1779895307.3111668,0.0,0,218.0,0.0,0.0,2
9.677130499999748,1779895307.423502,0.0,0,171.0,0.0,0.0,2
9.77258639999991,1779895307.5189583,0.0,0,138.0,0.0,0.0,2
9.868609899999683,1779895307.6149817,0.0,0,97.0,0.0,0.0,2
9.963674999999967,1779895307.7100468,0.0,0,84.0,0.0,0.0,2
10.0745766,1779895307.8209484,0.0,0,0.0,0.0,0.0,2
10.171145899999829,1779895307.917518,0.0,0,0.0,0.0,0.0,2
10.266751699999986,1779895308.0131235,0.0,0,0.0,0.0,0.0,2
10.362580600000001,1779895308.1089525,0.0,0,0.0,0.0,0.0,2
10.458145499999773,1779895308.2045174,0.0,0,0.0,0.0,0.0,2
10.570073699999739,1779895308.3164456,0.0,0,0.0,0.0,0.0,2
10.665386399999988,1779895308.4117582,0.0,0,0.0,0.0,0.0,2
10.760674699999981,1779895308.5070465,0.0,0,0.0,0.0,0.0,2
10.857602300000053,1779895308.603974,0.0,0,0.0,0.0,0.0,2
10.968465699999797,1779895308.7148378,0.0,0,67.0,0.0,0.0,2
11.064484699999866,1779895308.8108563,0.0,0,76.0,0.0,0.0,2
11.159579799999847,1779895308.9059517,0.0,0,76.0,0.0,0.0,2
11.25412499999993,1779895309.0004973,0.0,0,80.0,0.0,0.0,2
11.365039100000104,1779895309.1114106,0.0,0,84.0,0.0,0.0,2
11.460305699999935,1779895309.2066777,0.0,0,88.0,0.0,0.0,2
11.55618749999985,1779895309.302559,0.0,0,87.0,0.0,0.0,2
11.651315699999941,1779895309.3976872,0.0,0,88.0,0.0,0.0,2
11.762946999999713,1779895309.5093184,0.0,0,89.0,0.0,0.0,2
11.858579400000053,1779895309.6049516,0.0,0,90.0,0.0,0.0,2
11.95399099999986,1779895309.7003627,0.0,0,84.0,0.0,0.0,2
12.049886599999809,1779895309.7962584,0.0,0,83.0,0.0,0.0,2
12.161273199999869,1779895309.9076457,0.0,0,80.0,0.0,0.0,2
12.256354099999953,1779895310.002726,0.0,0,80.0,0.0,0.0,2
12.351777599999878,1779895310.098149,0.0,0,73.0,0.0,0.0,2
12.446969000000081,1779895310.1933408,0.0,0,71.0,0.0,0.0,2
12.558759000000009,1779895310.305131,0.0,0,0.0,0.0,0.0,2
12.654033999999683,1779895310.4004054,0.0,0,67.0,0.0,0.0,2
12.749651300000096,1779895310.4960227,0.0,0,56.0,0.0,0.0,2
12.845172699999694,1779895310.5915442,0.0,0,0.0,0.0,0.0,2
12.95621519999986,1779895310.702587,0.0,0,50.0,0.0,0.0,2
13.051100199999837,1779895310.797472,0.0,0,0.0,0.0,0.0,2
13.146774699999696,1779895310.8931465,0.0,0,0.0,0.0,0.0,2
13.243144499999744,1779895310.9895167,0.0,0,0.0,0.0,0.0,2
13.35572400000001,1779895311.1020963,0.0,0,0.0,0.0,0.0,2
13.450754699999834,1779895311.1971264,0.0,0,0.0,0.0,0.0,2
13.546689400000105,1779895311.2930615,0.0,0,0.0,0.0,0.0,2
13.641963000000032,1779895311.388335,0.0,0,0.0,0.0,0.0,2
13.75299670000004,1779895311.4993682,0.0,0,0.0,0.0,0.0,2
13.849772399999893,1779895311.5961444,0.0,0,0.0,0.0,0.0,2
13.943903800000044,1779895311.6902757,0.0,0,0.0,0.0,0.0,2
14.040069599999697,1779895311.786442,0.0,0,0.0,0.0,0.0,2
14.149457399999847,1779895311.8958287,0.0,0,0.0,0.0,0.0,2
14.245539000000008,1779895311.9919105,0.0,0,0.0,0.0,0.0,2
14.341382900000099,1779895312.0877554,0.0,0,0.0,0.0,0.0,2
14.436749699999837,1779895312.1831217,0.0,0,0.0,0.0,0.0,2
14.548502000000099,1779895312.2948742,0.0,0,0.0,0.0,0.0,2
14.644379500000014,1779895312.3907511,0.0,0,0.0,0.0,0.0,2
14.738325199999963,1779895312.484697,0.0,0,0.0,0.0,0.0,2
14.83455849999973,1779895312.5809302,0.0,0,0.0,0.0,0.0,2
14.94624419999991,1779895312.6926162,0.0,0,0.0,0.0,0.0,2
15.041547899999841,1779895312.7879198,0.0,0,0.0,0.0,0.0,2
15.137368599999718,1779895312.8837407,0.0,0,0.0,0.0,0.0,2
15.233618100000058,1779895312.979991,0.0,0,0.0,0.0,0.0,2
15.34552819999999,1779895313.0919006,0.0,0,0.0,0.0,0.0,2
15.440013999999792,1779895313.1863866,0.0,0,0.0,0.0,0.0,2
15.535454099999697,1779895313.2818255,0.0,0,0.0,0.0,0.0,2
15.630592399999841,1779895313.376964,0.0,0,0.0,0.0,0.0,2
15.72713500000009,1779895313.4735074,0.0,0,0.0,0.0,0.0,2
15.838342600000033,1779895313.5847144,0.0,0,0.0,0.0,0.0,2
15.933695899999748,1779895313.6800675,0.0,0,0.0,0.0,0.0,2
16.028476599999976,1779895313.774848,0.0,0,0.0,0.0,0.0,2
16.128384599999663,1779895313.8747573,0.0,0,0.0,0.0,0.0,2
16.237422400000014,1779895313.9837945,0.0,0,0.0,0.0,0.0,2
16.33149689999982,1779895314.0778682,0.0,0,0.0,0.0,0.0,2
16.427206099999694,1779895314.1735778,0.0,0,0.0,0.0,0.0,2
16.521553099999892,1779895314.267925,0.0,0,0.0,0.0,0.0,2
